location,count,link
"argenta",59,"/Information/Collections/Mine-Files/Beaverhead/browse.html#argenta"
"elkhorn",53,"/Information/Collections/Mine-Files/Beaverhead/browse.html#elkhorn"
"ajax",43,"/Information/Collections/Mine-Files/Beaverhead/browse.html#ajax"
"bannack",29,"/Information/Collections/Mine-Files/Beaverhead/browse.html#bannack"
"bryant",23,"/Information/Collections/Mine-Files/Beaverhead/browse.html#bryant"
"utopia",18,"/Information/Collections/Mine-Files/Beaverhead/browse.html#utopia"
"blue wing",17,"/Information/Collections/Mine-Files/Beaverhead/browse.html#blue%20wing"
"vipond park",17,"/Information/Collections/Mine-Files/Beaverhead/browse.html#vipond%20park"
"bald mountain",13,"/Information/Collections/Mine-Files/Beaverhead/browse.html#bald%20mountain"
"unorganized",11,"/Information/Collections/Mine-Files/Beaverhead/browse.html#unorganized"
"wisdom",10,"/Information/Collections/Mine-Files/Beaverhead/browse.html#wisdom"
"chinatown",9,"/Information/Collections/Mine-Files/Beaverhead/browse.html#chinatown"
"lost creek",8,"/Information/Collections/Mine-Files/Beaverhead/browse.html#lost%20creek"
"bloody dick",8,"/Information/Collections/Mine-Files/Beaverhead/browse.html#bloody%20dick"
"polaris",5,"/Information/Collections/Mine-Files/Beaverhead/browse.html#polaris"
"pioneer",5,"/Information/Collections/Mine-Files/Beaverhead/browse.html#pioneer"
"elkhorn (coolidge/wise river)",4,"/Information/Collections/Mine-Files/Beaverhead/browse.html#elkhorn%20(coolidge/wise%20river)"
"vipond",4,"/Information/Collections/Mine-Files/Beaverhead/browse.html#vipond"
"horse prairie",4,"/Information/Collections/Mine-Files/Beaverhead/browse.html#horse%20prairie"
"ruby",4,"/Information/Collections/Mine-Files/Beaverhead/browse.html#ruby"
"axes creek",3,"/Information/Collections/Mine-Files/Beaverhead/browse.html#axes%20creek"
"wise river",3,"/Information/Collections/Mine-Files/Beaverhead/browse.html#wise%20river"
"beaverhead",3,"/Information/Collections/Mine-Files/Beaverhead/browse.html#beaverhead"
"saginaw",3,"/Information/Collections/Mine-Files/Beaverhead/browse.html#saginaw"
"dillon",3,"/Information/Collections/Mine-Files/Beaverhead/browse.html#dillon"
"lucky strike",3,"/Information/Collections/Mine-Files/Beaverhead/browse.html#lucky%20strike"
"big muddy",3,"/Information/Collections/Mine-Files/Beaverhead/browse.html#big%20muddy"
"quartz hill",2,"/Information/Collections/Mine-Files/Beaverhead/browse.html#quartz%20hill"
"hecla",2,"/Information/Collections/Mine-Files/Beaverhead/browse.html#hecla"
"ermont",2,"/Information/Collections/Mine-Files/Beaverhead/browse.html#ermont"
"blacktail",2,"/Information/Collections/Mine-Files/Beaverhead/browse.html#blacktail"
"n/a",2,"/Information/Collections/Mine-Files/Beaverhead/browse.html#n/a"
"jake creek",2,"/Information/Collections/Mine-Files/Beaverhead/browse.html#jake%20creek"
"bon accord",1,"/Information/Collections/Mine-Files/Beaverhead/browse.html#bon%20accord"
"bonanza",1,"/Information/Collections/Mine-Files/Beaverhead/browse.html#bonanza"
"bostania",1,"/Information/Collections/Mine-Files/Beaverhead/browse.html#bostania"
"boston group",1,"/Information/Collections/Mine-Files/Beaverhead/browse.html#boston%20group"
"bozeadar",1,"/Information/Collections/Mine-Files/Beaverhead/browse.html#bozeadar"
"bozo",1,"/Information/Collections/Mine-Files/Beaverhead/browse.html#bozo"
"brown bear",1,"/Information/Collections/Mine-Files/Beaverhead/browse.html#brown%20bear"
"brown's lake",1,"/Information/Collections/Mine-Files/Beaverhead/browse.html#brown's%20lake"
"burgierosa",1,"/Information/Collections/Mine-Files/Beaverhead/browse.html#burgierosa"
"buster",1,"/Information/Collections/Mine-Files/Beaverhead/browse.html#buster"
"butte vipond mining co.",1,"/Information/Collections/Mine-Files/Beaverhead/browse.html#butte%20vipond%20mining%20co."
"calvert",1,"/Information/Collections/Mine-Files/Beaverhead/browse.html#calvert"
"camp creek",1,"/Information/Collections/Mine-Files/Beaverhead/browse.html#camp%20creek"
"cannivan gulch moly",1,"/Information/Collections/Mine-Files/Beaverhead/browse.html#cannivan%20gulch%20moly"
"canyon creek",1,"/Information/Collections/Mine-Files/Beaverhead/browse.html#canyon%20creek"
"capitol mine",1,"/Information/Collections/Mine-Files/Beaverhead/browse.html#capitol%20mine"
"carbonate mine",1,"/Information/Collections/Mine-Files/Beaverhead/browse.html#carbonate%20mine"
"carroll placer",1,"/Information/Collections/Mine-Files/Beaverhead/browse.html#carroll%20placer"
"carter creek iron",1,"/Information/Collections/Mine-Files/Beaverhead/browse.html#carter%20creek%20iron"
"centennial mine",1,"/Information/Collections/Mine-Files/Beaverhead/browse.html#centennial%20mine"
"central lode",1,"/Information/Collections/Mine-Files/Beaverhead/browse.html#central%20lode"
"charter oak",1,"/Information/Collections/Mine-Files/Beaverhead/browse.html#charter%20oak"
"bluebird",1,"/Information/Collections/Mine-Files/Beaverhead/browse.html#bluebird"
"chloride",1,"/Information/Collections/Mine-Files/Beaverhead/browse.html#chloride"
"churchill",1,"/Information/Collections/Mine-Files/Beaverhead/browse.html#churchill"
"cleopatra",1,"/Information/Collections/Mine-Files/Beaverhead/browse.html#cleopatra"
"cleve avon mine",1,"/Information/Collections/Mine-Files/Beaverhead/browse.html#cleve%20avon%20mine"
"clipper",1,"/Information/Collections/Mine-Files/Beaverhead/browse.html#clipper"
"comet mine",1,"/Information/Collections/Mine-Files/Beaverhead/browse.html#comet%20mine"
"coolidge",1,"/Information/Collections/Mine-Files/Beaverhead/browse.html#coolidge"
"coolridge",1,"/Information/Collections/Mine-Files/Beaverhead/browse.html#coolridge"
"copper bell",1,"/Information/Collections/Mine-Files/Beaverhead/browse.html#copper%20bell"
"copper queen",1,"/Information/Collections/Mine-Files/Beaverhead/browse.html#copper%20queen"
"cottontail mine",1,"/Information/Collections/Mine-Files/Beaverhead/browse.html#cottontail%20mine"
"cowan bar placer",1,"/Information/Collections/Mine-Files/Beaverhead/browse.html#cowan%20bar%20placer"
"crescent",1,"/Information/Collections/Mine-Files/Beaverhead/browse.html#crescent"
"crown smith dillon",1,"/Information/Collections/Mine-Files/Beaverhead/browse.html#crown%20smith%20dillon"
"crystal graphite",1,"/Information/Collections/Mine-Files/Beaverhead/browse.html#crystal%20graphite"
"daisy may",1,"/Information/Collections/Mine-Files/Beaverhead/browse.html#daisy%20may"
"dakota",1,"/Information/Collections/Mine-Files/Beaverhead/browse.html#dakota"
"dalys spur",1,"/Information/Collections/Mine-Files/Beaverhead/browse.html#dalys%20spur"
"dark horse",1,"/Information/Collections/Mine-Files/Beaverhead/browse.html#dark%20horse"
"davis mine",1,"/Information/Collections/Mine-Files/Beaverhead/browse.html#davis%20mine"
"del monte",1,"/Information/Collections/Mine-Files/Beaverhead/browse.html#del%20monte"
"dexter mine",1,"/Information/Collections/Mine-Files/Beaverhead/browse.html#dexter%20mine"
"diadem mine",1,"/Information/Collections/Mine-Files/Beaverhead/browse.html#diadem%20mine"
"diamond",1,"/Information/Collections/Mine-Files/Beaverhead/browse.html#diamond"
"dillon mine",1,"/Information/Collections/Mine-Files/Beaverhead/browse.html#dillon%20mine"
"dillon nickel",1,"/Information/Collections/Mine-Files/Beaverhead/browse.html#dillon%20nickel"
"discolor",1,"/Information/Collections/Mine-Files/Beaverhead/browse.html#discolor"
"doodle bug",1,"/Information/Collections/Mine-Files/Beaverhead/browse.html#doodle%20bug"
"dubious",1,"/Information/Collections/Mine-Files/Beaverhead/browse.html#dubious"
"dubuque",1,"/Information/Collections/Mine-Files/Beaverhead/browse.html#dubuque"
"dyce creek placer",1,"/Information/Collections/Mine-Files/Beaverhead/browse.html#dyce%20creek%20placer"
"eagle",1,"/Information/Collections/Mine-Files/Beaverhead/browse.html#eagle"
"echo lode",1,"/Information/Collections/Mine-Files/Beaverhead/browse.html#echo%20lode"
"elk creek vermiculite",1,"/Information/Collections/Mine-Files/Beaverhead/browse.html#elk%20creek%20vermiculite"
"blue wing mine",1,"/Information/Collections/Mine-Files/Beaverhead/browse.html#blue%20wing%20mine"
"elm orlu",1,"/Information/Collections/Mine-Files/Beaverhead/browse.html#elm%20orlu"
"empire",1,"/Information/Collections/Mine-Files/Beaverhead/browse.html#empire"
"blue jay",1,"/Information/Collections/Mine-Files/Beaverhead/browse.html#blue%20jay"
"ermont placer",1,"/Information/Collections/Mine-Files/Beaverhead/browse.html#ermont%20placer"
"evolution",1,"/Information/Collections/Mine-Files/Beaverhead/browse.html#evolution"
"excelsior",1,"/Information/Collections/Mine-Files/Beaverhead/browse.html#excelsior"
"fair play",1,"/Information/Collections/Mine-Files/Beaverhead/browse.html#fair%20play"
"fairview",1,"/Information/Collections/Mine-Files/Beaverhead/browse.html#fairview"
"faithful bald mtn",1,"/Information/Collections/Mine-Files/Beaverhead/browse.html#faithful%20bald%20mtn"
"faithful vipond park",1,"/Information/Collections/Mine-Files/Beaverhead/browse.html#faithful%20vipond%20park"
"ferdinand",1,"/Information/Collections/Mine-Files/Beaverhead/browse.html#ferdinand"
"finvalley",1,"/Information/Collections/Mine-Files/Beaverhead/browse.html#finvalley"
"florence",1,"/Information/Collections/Mine-Files/Beaverhead/browse.html#florence"
"free silver",1,"/Information/Collections/Mine-Files/Beaverhead/browse.html#free%20silver"
"french millsite",1,"/Information/Collections/Mine-Files/Beaverhead/browse.html#french%20millsite"
"galena",1,"/Information/Collections/Mine-Files/Beaverhead/browse.html#galena"
"gallup",1,"/Information/Collections/Mine-Files/Beaverhead/browse.html#gallup"
"garret",1,"/Information/Collections/Mine-Files/Beaverhead/browse.html#garret"
"gladstone",1,"/Information/Collections/Mine-Files/Beaverhead/browse.html#gladstone"
"glen tungsten mill",1,"/Information/Collections/Mine-Files/Beaverhead/browse.html#glen%20tungsten%20mill"
"gold bug",1,"/Information/Collections/Mine-Files/Beaverhead/browse.html#gold%20bug"
"gold button",1,"/Information/Collections/Mine-Files/Beaverhead/browse.html#gold%20button"
"gold crown",1,"/Information/Collections/Mine-Files/Beaverhead/browse.html#gold%20crown"
"gold nugget",1,"/Information/Collections/Mine-Files/Beaverhead/browse.html#gold%20nugget"
"gold nugget placer",1,"/Information/Collections/Mine-Files/Beaverhead/browse.html#gold%20nugget%20placer"
"gold ridge mine",1,"/Information/Collections/Mine-Files/Beaverhead/browse.html#gold%20ridge%20mine"
"golden dawn",1,"/Information/Collections/Mine-Files/Beaverhead/browse.html#golden%20dawn"
"golden eagle",1,"/Information/Collections/Mine-Files/Beaverhead/browse.html#golden%20eagle"
"golden era",1,"/Information/Collections/Mine-Files/Beaverhead/browse.html#golden%20era"
"golden gate",1,"/Information/Collections/Mine-Files/Beaverhead/browse.html#golden%20gate"
"golden leaf",1,"/Information/Collections/Mine-Files/Beaverhead/browse.html#golden%20leaf"
"goldfinch",1,"/Information/Collections/Mine-Files/Beaverhead/browse.html#goldfinch"
"goldmont",1,"/Information/Collections/Mine-Files/Beaverhead/browse.html#goldmont"
"goldsmith",1,"/Information/Collections/Mine-Files/Beaverhead/browse.html#goldsmith"
"goldstone",1,"/Information/Collections/Mine-Files/Beaverhead/browse.html#goldstone"
"goodview",1,"/Information/Collections/Mine-Files/Beaverhead/browse.html#goodview"
"governor",1,"/Information/Collections/Mine-Files/Beaverhead/browse.html#governor"
"governor tilden",1,"/Information/Collections/Mine-Files/Beaverhead/browse.html#governor%20tilden"
"grace no 1 prospect",1,"/Information/Collections/Mine-Files/Beaverhead/browse.html#grace%20no%201%20prospect"
"graphite deposit",1,"/Information/Collections/Mine-Files/Beaverhead/browse.html#graphite%20deposit"
"grasshopper 1 lode",1,"/Information/Collections/Mine-Files/Beaverhead/browse.html#grasshopper%201%20lode"
"grasshopper placer",1,"/Information/Collections/Mine-Files/Beaverhead/browse.html#grasshopper%20placer"
"grasshopper prospect",1,"/Information/Collections/Mine-Files/Beaverhead/browse.html#grasshopper%20prospect"
"gray jockey",1,"/Information/Collections/Mine-Files/Beaverhead/browse.html#gray%20jockey"
"graybird",1,"/Information/Collections/Mine-Files/Beaverhead/browse.html#graybird"
"great western",1,"/Information/Collections/Mine-Files/Beaverhead/browse.html#great%20western"
"green lizard",1,"/Information/Collections/Mine-Files/Beaverhead/browse.html#green%20lizard"
"greenstone",1,"/Information/Collections/Mine-Files/Beaverhead/browse.html#greenstone"
"greenwich",1,"/Information/Collections/Mine-Files/Beaverhead/browse.html#greenwich"
"greenwood tailings",1,"/Information/Collections/Mine-Files/Beaverhead/browse.html#greenwood%20tailings"
"grotto",1,"/Information/Collections/Mine-Files/Beaverhead/browse.html#grotto"
"ground hog",1,"/Information/Collections/Mine-Files/Beaverhead/browse.html#ground%20hog"
"guy",1,"/Information/Collections/Mine-Files/Beaverhead/browse.html#guy"
"h s",1,"/Information/Collections/Mine-Files/Beaverhead/browse.html#h%20s"
"haggerty",1,"/Information/Collections/Mine-Files/Beaverhead/browse.html#haggerty"
"hamilton",1,"/Information/Collections/Mine-Files/Beaverhead/browse.html#hamilton"
"hand mine",1,"/Information/Collections/Mine-Files/Beaverhead/browse.html#hand%20mine"
"hazel",1,"/Information/Collections/Mine-Files/Beaverhead/browse.html#hazel"
"blue grass",1,"/Information/Collections/Mine-Files/Beaverhead/browse.html#blue%20grass"
"helena",1,"/Information/Collections/Mine-Files/Beaverhead/browse.html#helena"
"hendricks",1,"/Information/Collections/Mine-Files/Beaverhead/browse.html#hendricks"
"hidden treasure",1,"/Information/Collections/Mine-Files/Beaverhead/browse.html#hidden%20treasure"
"hillside",1,"/Information/Collections/Mine-Files/Beaverhead/browse.html#hillside"
"hoffman group",1,"/Information/Collections/Mine-Files/Beaverhead/browse.html#hoffman%20group"
"hogback",1,"/Information/Collections/Mine-Files/Beaverhead/browse.html#hogback"
"homestake",1,"/Information/Collections/Mine-Files/Beaverhead/browse.html#homestake"
"homestake t14s r12w",1,"/Information/Collections/Mine-Files/Beaverhead/browse.html#homestake%20t14s%20r12w"
"horace",1,"/Information/Collections/Mine-Files/Beaverhead/browse.html#horace"
"horn silver",1,"/Information/Collections/Mine-Files/Beaverhead/browse.html#horn%20silver"
"blue eyed annie",1,"/Information/Collections/Mine-Files/Beaverhead/browse.html#blue%20eyed%20annie"
"hrs claim group",1,"/Information/Collections/Mine-Files/Beaverhead/browse.html#hrs%20claim%20group"
"humboldt",1,"/Information/Collections/Mine-Files/Beaverhead/browse.html#humboldt"
"huron",1,"/Information/Collections/Mine-Files/Beaverhead/browse.html#huron"
"idanha",1,"/Information/Collections/Mine-Files/Beaverhead/browse.html#idanha"
"indian chief",1,"/Information/Collections/Mine-Files/Beaverhead/browse.html#indian%20chief"
"indian queen",1,"/Information/Collections/Mine-Files/Beaverhead/browse.html#indian%20queen"
"ingersoll",1,"/Information/Collections/Mine-Files/Beaverhead/browse.html#ingersoll"
"iron age",1,"/Information/Collections/Mine-Files/Beaverhead/browse.html#iron%20age"
"iron mask",1,"/Information/Collections/Mine-Files/Beaverhead/browse.html#iron%20mask"
"iron mountain",1,"/Information/Collections/Mine-Files/Beaverhead/browse.html#iron%20mountain"
"ivanhoe",1,"/Information/Collections/Mine-Files/Beaverhead/browse.html#ivanhoe"
"ixl",1,"/Information/Collections/Mine-Files/Beaverhead/browse.html#ixl"
"jack rabbit",1,"/Information/Collections/Mine-Files/Beaverhead/browse.html#jack%20rabbit"
"jackson",1,"/Information/Collections/Mine-Files/Beaverhead/browse.html#jackson"
"jahnke",1,"/Information/Collections/Mine-Files/Beaverhead/browse.html#jahnke"
"jake",1,"/Information/Collections/Mine-Files/Beaverhead/browse.html#jake"
"jeanette",1,"/Information/Collections/Mine-Files/Beaverhead/browse.html#jeanette"
"jeff davis",1,"/Information/Collections/Mine-Files/Beaverhead/browse.html#jeff%20davis"
"junction",1,"/Information/Collections/Mine-Files/Beaverhead/browse.html#junction"
"kent",1,"/Information/Collections/Mine-Files/Beaverhead/browse.html#kent"
"keokuk",1,"/Information/Collections/Mine-Files/Beaverhead/browse.html#keokuk"
"keystone bryant",1,"/Information/Collections/Mine-Files/Beaverhead/browse.html#keystone%20bryant"
"blue bell",1,"/Information/Collections/Mine-Files/Beaverhead/browse.html#blue%20bell"
"lacy creek",1,"/Information/Collections/Mine-Files/Beaverhead/browse.html#lacy%20creek"
"lamplighter",1,"/Information/Collections/Mine-Files/Beaverhead/browse.html#lamplighter"
"laurilene no",1,"/Information/Collections/Mine-Files/Beaverhead/browse.html#laurilene%20no"
"leadville",1,"/Information/Collections/Mine-Files/Beaverhead/browse.html#leadville"
"leah may",1,"/Information/Collections/Mine-Files/Beaverhead/browse.html#leah%20may"
"leap year",1,"/Information/Collections/Mine-Files/Beaverhead/browse.html#leap%20year"
"legal tender",1,"/Information/Collections/Mine-Files/Beaverhead/browse.html#legal%20tender"
"lentung",1,"/Information/Collections/Mine-Files/Beaverhead/browse.html#lentung"
"lincoln",1,"/Information/Collections/Mine-Files/Beaverhead/browse.html#lincoln"
"linda",1,"/Information/Collections/Mine-Files/Beaverhead/browse.html#linda"
"lion mountain",1,"/Information/Collections/Mine-Files/Beaverhead/browse.html#lion%20mountain"
"little bell",1,"/Information/Collections/Mine-Files/Beaverhead/browse.html#little%20bell"
"little hawk",1,"/Information/Collections/Mine-Files/Beaverhead/browse.html#little%20hawk"
"little nugget",1,"/Information/Collections/Mine-Files/Beaverhead/browse.html#little%20nugget"
"little sheep",1,"/Information/Collections/Mine-Files/Beaverhead/browse.html#little%20sheep"
"lone pine",1,"/Information/Collections/Mine-Files/Beaverhead/browse.html#lone%20pine"
"lost cloud",1,"/Information/Collections/Mine-Files/Beaverhead/browse.html#lost%20cloud"
"birch creek nickel",1,"/Information/Collections/Mine-Files/Beaverhead/browse.html#birch%20creek%20nickel"
"lucky jim",1,"/Information/Collections/Mine-Files/Beaverhead/browse.html#lucky%20jim"
"birch creek iron",1,"/Information/Collections/Mine-Files/Beaverhead/browse.html#birch%20creek%20iron"
"lulu",1,"/Information/Collections/Mine-Files/Beaverhead/browse.html#lulu"
"lynx lode",1,"/Information/Collections/Mine-Files/Beaverhead/browse.html#lynx%20lode"
"maiden creek",1,"/Information/Collections/Mine-Files/Beaverhead/browse.html#maiden%20creek"
"mark twain",1,"/Information/Collections/Mine-Files/Beaverhead/browse.html#mark%20twain"
"martin",1,"/Information/Collections/Mine-Files/Beaverhead/browse.html#martin"
"mary",1,"/Information/Collections/Mine-Files/Beaverhead/browse.html#mary"
"maudlin mine",1,"/Information/Collections/Mine-Files/Beaverhead/browse.html#maudlin%20mine"
"mayday",1,"/Information/Collections/Mine-Files/Beaverhead/browse.html#mayday"
"mccarthy",1,"/Information/Collections/Mine-Files/Beaverhead/browse.html#mccarthy"
"mcconnell",1,"/Information/Collections/Mine-Files/Beaverhead/browse.html#mcconnell"
"midnight",1,"/Information/Collections/Mine-Files/Beaverhead/browse.html#midnight"
"minnie gaffney",1,"/Information/Collections/Mine-Files/Beaverhead/browse.html#minnie%20gaffney"
"miwanatock",1,"/Information/Collections/Mine-Files/Beaverhead/browse.html#miwanatock"
"montana lode",1,"/Information/Collections/Mine-Files/Beaverhead/browse.html#montana%20lode"
"monte cristo",1,"/Information/Collections/Mine-Files/Beaverhead/browse.html#monte%20cristo"
"montezuma",1,"/Information/Collections/Mine-Files/Beaverhead/browse.html#montezuma"
"montreal",1,"/Information/Collections/Mine-Files/Beaverhead/browse.html#montreal"
"monument",1,"/Information/Collections/Mine-Files/Beaverhead/browse.html#monument"
"moosehorn",1,"/Information/Collections/Mine-Files/Beaverhead/browse.html#moosehorn"
"mountain sheep",1,"/Information/Collections/Mine-Files/Beaverhead/browse.html#mountain%20sheep"
"nevada",1,"/Information/Collections/Mine-Files/Beaverhead/browse.html#nevada"
"new ariadne",1,"/Information/Collections/Mine-Files/Beaverhead/browse.html#new%20ariadne"
"new deal",1,"/Information/Collections/Mine-Files/Beaverhead/browse.html#new%20deal"
"new departure",1,"/Information/Collections/Mine-Files/Beaverhead/browse.html#new%20departure"
"new year 1910",1,"/Information/Collections/Mine-Files/Beaverhead/browse.html#new%20year%201910"
"niagara",1,"/Information/Collections/Mine-Files/Beaverhead/browse.html#niagara"
"nick preen",1,"/Information/Collections/Mine-Files/Beaverhead/browse.html#nick%20preen"
"nickel lode",1,"/Information/Collections/Mine-Files/Beaverhead/browse.html#nickel%20lode"
"north star",1,"/Information/Collections/Mine-Files/Beaverhead/browse.html#north%20star"
"old elkhorn",1,"/Information/Collections/Mine-Files/Beaverhead/browse.html#old%20elkhorn"
"old faithful",1,"/Information/Collections/Mine-Files/Beaverhead/browse.html#old%20faithful"
"oneida mine",1,"/Information/Collections/Mine-Files/Beaverhead/browse.html#oneida%20mine"
"oro fino",1,"/Information/Collections/Mine-Files/Beaverhead/browse.html#oro%20fino"
"oro placer",1,"/Information/Collections/Mine-Files/Beaverhead/browse.html#oro%20placer"
"orvana general",1,"/Information/Collections/Mine-Files/Beaverhead/browse.html#orvana%20general"
"p & r",1,"/Information/Collections/Mine-Files/Beaverhead/browse.html#p%20&%20r"
"park argenta",1,"/Information/Collections/Mine-Files/Beaverhead/browse.html#park%20argenta"
"park elkhorn",1,"/Information/Collections/Mine-Files/Beaverhead/browse.html#park%20elkhorn"
"payday",1,"/Information/Collections/Mine-Files/Beaverhead/browse.html#payday"
"peat lease",1,"/Information/Collections/Mine-Files/Beaverhead/browse.html#peat%20lease"
"peterson deposit",1,"/Information/Collections/Mine-Files/Beaverhead/browse.html#peterson%20deposit"
"pine tree",1,"/Information/Collections/Mine-Files/Beaverhead/browse.html#pine%20tree"
"birch creek",1,"/Information/Collections/Mine-Files/Beaverhead/browse.html#birch%20creek"
"pioneer placer",1,"/Information/Collections/Mine-Files/Beaverhead/browse.html#pioneer%20placer"
"placer creek",1,"/Information/Collections/Mine-Files/Beaverhead/browse.html#placer%20creek"
"berlin",1,"/Information/Collections/Mine-Files/Beaverhead/browse.html#berlin"
"pomeroy",1,"/Information/Collections/Mine-Files/Beaverhead/browse.html#pomeroy"
"pride of the west",1,"/Information/Collections/Mine-Files/Beaverhead/browse.html#pride%20of%20the%20west"
"priscilla",1,"/Information/Collections/Mine-Files/Beaverhead/browse.html#priscilla"
"puzzler",1,"/Information/Collections/Mine-Files/Beaverhead/browse.html#puzzler"
"bentonite clay mine",1,"/Information/Collections/Mine-Files/Beaverhead/browse.html#bentonite%20clay%20mine"
"queen mab",1,"/Information/Collections/Mine-Files/Beaverhead/browse.html#queen%20mab"
"queen of the hills",1,"/Information/Collections/Mine-Files/Beaverhead/browse.html#queen%20of%20the%20hills"
"ram lode",1,"/Information/Collections/Mine-Files/Beaverhead/browse.html#ram%20lode"
"randall",1,"/Information/Collections/Mine-Files/Beaverhead/browse.html#randall"
"red sky",1,"/Information/Collections/Mine-Files/Beaverhead/browse.html#red%20sky"
"red steer prospect",1,"/Information/Collections/Mine-Files/Beaverhead/browse.html#red%20steer%20prospect"
"red top no. 2",1,"/Information/Collections/Mine-Files/Beaverhead/browse.html#red%20top%20no.%202"
"reliance",1,"/Information/Collections/Mine-Files/Beaverhead/browse.html#reliance"
"rena",1,"/Information/Collections/Mine-Files/Beaverhead/browse.html#rena"
"rosalind",1,"/Information/Collections/Mine-Files/Beaverhead/browse.html#rosalind"
"rosebud",1,"/Information/Collections/Mine-Files/Beaverhead/browse.html#rosebud"
"rosemont",1,"/Information/Collections/Mine-Files/Beaverhead/browse.html#rosemont"
"royal",1,"/Information/Collections/Mine-Files/Beaverhead/browse.html#royal"
"ruby creek placer",1,"/Information/Collections/Mine-Files/Beaverhead/browse.html#ruby%20creek%20placer"
"ruby mine",1,"/Information/Collections/Mine-Files/Beaverhead/browse.html#ruby%20mine"
"ruby quartz lode",1,"/Information/Collections/Mine-Files/Beaverhead/browse.html#ruby%20quartz%20lode"
"san francisco",1,"/Information/Collections/Mine-Files/Beaverhead/browse.html#san%20francisco"
"sata maira rainbow",1,"/Information/Collections/Mine-Files/Beaverhead/browse.html#sata%20maira%20rainbow"
"shafer prospect",1,"/Information/Collections/Mine-Files/Beaverhead/browse.html#shafer%20prospect"
"sheep mountain",1,"/Information/Collections/Mine-Files/Beaverhead/browse.html#sheep%20mountain"
"silver belle",1,"/Information/Collections/Mine-Files/Beaverhead/browse.html#silver%20belle"
"silver dollar",1,"/Information/Collections/Mine-Files/Beaverhead/browse.html#silver%20dollar"
"silver glow",1,"/Information/Collections/Mine-Files/Beaverhead/browse.html#silver%20glow"
"silver king t3s r11w s11",1,"/Information/Collections/Mine-Files/Beaverhead/browse.html#silver%20king%20t3s%20r11w%20s11"
"silver king t5s r12w s28",1,"/Information/Collections/Mine-Files/Beaverhead/browse.html#silver%20king%20t5s%20r12w%20s28"
"silver quartz",1,"/Information/Collections/Mine-Files/Beaverhead/browse.html#silver%20quartz"
"silver queen",1,"/Information/Collections/Mine-Files/Beaverhead/browse.html#silver%20queen"
"silver ridge group",1,"/Information/Collections/Mine-Files/Beaverhead/browse.html#silver%20ridge%20group"
"silver star",1,"/Information/Collections/Mine-Files/Beaverhead/browse.html#silver%20star"
"sir walter scott",1,"/Information/Collections/Mine-Files/Beaverhead/browse.html#sir%20walter%20scott"
"sleeping princess group",1,"/Information/Collections/Mine-Files/Beaverhead/browse.html#sleeping%20princess%20group"
"smith dillon talc",1,"/Information/Collections/Mine-Files/Beaverhead/browse.html#smith%20dillon%20talc"
"southside placer",1,"/Information/Collections/Mine-Files/Beaverhead/browse.html#southside%20placer"
"spanish",1,"/Information/Collections/Mine-Files/Beaverhead/browse.html#spanish"
"springfield",1,"/Information/Collections/Mine-Files/Beaverhead/browse.html#springfield"
"star 123",1,"/Information/Collections/Mine-Files/Beaverhead/browse.html#star%20123"
"starlight t6s r10w s22",1,"/Information/Collections/Mine-Files/Beaverhead/browse.html#starlight%20t6s%20r10w%20s22"
"starlight t6s r11w s24",1,"/Information/Collections/Mine-Files/Beaverhead/browse.html#starlight%20t6s%20r11w%20s24"
"starlight t10s r14w s5",1,"/Information/Collections/Mine-Files/Beaverhead/browse.html#starlight%20t10s%20r14w%20s5"
"stone creek",1,"/Information/Collections/Mine-Files/Beaverhead/browse.html#stone%20creek"
"storm",1,"/Information/Collections/Mine-Files/Beaverhead/browse.html#storm"
"sunshine",1,"/Information/Collections/Mine-Files/Beaverhead/browse.html#sunshine"
"sweeney t7s r12w s22",1,"/Information/Collections/Mine-Files/Beaverhead/browse.html#sweeney%20t7s%20r12w%20s22"
"sweeney  t13s r12w s1",1,"/Information/Collections/Mine-Files/Beaverhead/browse.html#sweeney%20%20t13s%20r12w%20s1"
"sylvia",1,"/Information/Collections/Mine-Files/Beaverhead/browse.html#sylvia"
"telstar",1,"/Information/Collections/Mine-Files/Beaverhead/browse.html#telstar"
"tender",1,"/Information/Collections/Mine-Files/Beaverhead/browse.html#tender"
"thomas paine",1,"/Information/Collections/Mine-Files/Beaverhead/browse.html#thomas%20paine"
"thunderbird",1,"/Information/Collections/Mine-Files/Beaverhead/browse.html#thunderbird"
"tiger",1,"/Information/Collections/Mine-Files/Beaverhead/browse.html#tiger"
"trapper",1,"/Information/Collections/Mine-Files/Beaverhead/browse.html#trapper"
"trapper creek",1,"/Information/Collections/Mine-Files/Beaverhead/browse.html#trapper%20creek"
"tri-state minerals",1,"/Information/Collections/Mine-Files/Beaverhead/browse.html#tri-state%20minerals"
"true blue millsite",1,"/Information/Collections/Mine-Files/Beaverhead/browse.html#true%20blue%20millsite"
"true dog group",1,"/Information/Collections/Mine-Files/Beaverhead/browse.html#true%20dog%20group"
"true fissure",1,"/Information/Collections/Mine-Files/Beaverhead/browse.html#true%20fissure"
"tungsten - general",1,"/Information/Collections/Mine-Files/Beaverhead/browse.html#tungsten%20-%20general"
"tuscarora",1,"/Information/Collections/Mine-Files/Beaverhead/browse.html#tuscarora"
"tuxedo",1,"/Information/Collections/Mine-Files/Beaverhead/browse.html#tuxedo"
"ucon",1,"/Information/Collections/Mine-Files/Beaverhead/browse.html#ucon"
"unnamed manganese property",1,"/Information/Collections/Mine-Files/Beaverhead/browse.html#unnamed%20manganese%20property"
"up-two",1,"/Information/Collections/Mine-Files/Beaverhead/browse.html#up-two"
"vanguard group",1,"/Information/Collections/Mine-Files/Beaverhead/browse.html#vanguard%20group"
"vilet",1,"/Information/Collections/Mine-Files/Beaverhead/browse.html#vilet"
"virginia",1,"/Information/Collections/Mine-Files/Beaverhead/browse.html#virginia"
"virginia gulch",1,"/Information/Collections/Mine-Files/Beaverhead/browse.html#virginia%20gulch"
"volcanic gold",1,"/Information/Collections/Mine-Files/Beaverhead/browse.html#volcanic%20gold"
"wadams",1,"/Information/Collections/Mine-Files/Beaverhead/browse.html#wadams"
"wallace",1,"/Information/Collections/Mine-Files/Beaverhead/browse.html#wallace"
"wapita",1,"/Information/Collections/Mine-Files/Beaverhead/browse.html#wapita"
"washington",1,"/Information/Collections/Mine-Files/Beaverhead/browse.html#washington"
"washington mine",1,"/Information/Collections/Mine-Files/Beaverhead/browse.html#washington%20mine"
"west ermont",1,"/Information/Collections/Mine-Files/Beaverhead/browse.html#west%20ermont"
"wheal rose",1,"/Information/Collections/Mine-Files/Beaverhead/browse.html#wheal%20rose"
"white lime",1,"/Information/Collections/Mine-Files/Beaverhead/browse.html#white%20lime"
"white owl",1,"/Information/Collections/Mine-Files/Beaverhead/browse.html#white%20owl"
"white seal",1,"/Information/Collections/Mine-Files/Beaverhead/browse.html#white%20seal"
"wild bat",1,"/Information/Collections/Mine-Files/Beaverhead/browse.html#wild%20bat"
"benton mine",1,"/Information/Collections/Mine-Files/Beaverhead/browse.html#benton%20mine"
"wise river placer",1,"/Information/Collections/Mine-Files/Beaverhead/browse.html#wise%20river%20placer"
"wooley",1,"/Information/Collections/Mine-Files/Beaverhead/browse.html#wooley"
"wra",1,"/Information/Collections/Mine-Files/Beaverhead/browse.html#wra"
"yellow band",1,"/Information/Collections/Mine-Files/Beaverhead/browse.html#yellow%20band"
"yellow bird",1,"/Information/Collections/Mine-Files/Beaverhead/browse.html#yellow%20bird"
"bella mine",1,"/Information/Collections/Mine-Files/Beaverhead/browse.html#bella%20mine"
"beaverhead mining syndicate",1,"/Information/Collections/Mine-Files/Beaverhead/browse.html#beaverhead%20mining%20syndicate"
"ruby creek",1,"/Information/Collections/Mine-Files/Beaverhead/browse.html#ruby%20creek"
"bea-ann",1,"/Information/Collections/Mine-Files/Beaverhead/browse.html#bea-ann"
"bannack prospect",1,"/Information/Collections/Mine-Files/Beaverhead/browse.html#bannack%20prospect"
"badger mine",1,"/Information/Collections/Mine-Files/Beaverhead/browse.html#badger%20mine"
"axes canyon deposit",1,"/Information/Collections/Mine-Files/Beaverhead/browse.html#axes%20canyon%20deposit"
"aurora",1,"/Information/Collections/Mine-Files/Beaverhead/browse.html#aurora"
"associated placers",1,"/Information/Collections/Mine-Files/Beaverhead/browse.html#associated%20placers"
"aspen",1,"/Information/Collections/Mine-Files/Beaverhead/browse.html#aspen"
"ariadne mine",1,"/Information/Collections/Mine-Files/Beaverhead/browse.html#ariadne%20mine"
"argyle",1,"/Information/Collections/Mine-Files/Beaverhead/browse.html#argyle"
"melrose",1,"/Information/Collections/Mine-Files/Beaverhead/browse.html#melrose"
"argerila",1,"/Information/Collections/Mine-Files/Beaverhead/browse.html#argerila"
"elkhorn (collidge/wise river)",1,"/Information/Collections/Mine-Files/Beaverhead/browse.html#elkhorn%20(collidge/wise%20river)"
"arcadia placer",1,"/Information/Collections/Mine-Files/Beaverhead/browse.html#arcadia%20placer"
"grasshopper",1,"/Information/Collections/Mine-Files/Beaverhead/browse.html#grasshopper"
"anita",1,"/Information/Collections/Mine-Files/Beaverhead/browse.html#anita"
"anaconda",1,"/Information/Collections/Mine-Files/Beaverhead/browse.html#anaconda"
"alumont mining company",1,"/Information/Collections/Mine-Files/Beaverhead/browse.html#alumont%20mining%20company"
"mccartney mountain",1,"/Information/Collections/Mine-Files/Beaverhead/browse.html#mccartney%20mountain"
"alexander",1,"/Information/Collections/Mine-Files/Beaverhead/browse.html#alexander"
"bryant park",1,"/Information/Collections/Mine-Files/Beaverhead/browse.html#bryant%20park"
"alice",1,"/Information/Collections/Mine-Files/Beaverhead/browse.html#alice"
"a jack",1,"/Information/Collections/Mine-Files/Beaverhead/browse.html#a%20jack"
"monida ?",1,"/Information/Collections/Mine-Files/Beaverhead/browse.html#monida%20?"
"unknown",1,"/Information/Collections/Mine-Files/Beaverhead/browse.html#unknown"
"keystone chinatown",1,"/Information/Collections/Mine-Files/Beaverhead/browse.html#keystone%20chinatown"
"medicine lodge",1,"/Information/Collections/Mine-Files/Beaverhead/browse.html#medicine%20lodge"
"ruby (?)",1,"/Information/Collections/Mine-Files/Beaverhead/browse.html#ruby%20(?)"
