subject,count,link
"contents",343,"/Information/Collections/Mine-Files/Beaverhead/browse.html#contents"
"report",6,"/Information/Collections/Mine-Files/Beaverhead/browse.html#report"
"correspondence",5,"/Information/Collections/Mine-Files/Beaverhead/browse.html#correspondence"
"status cards",5,"/Information/Collections/Mine-Files/Beaverhead/browse.html#status%20cards"
"forms",5,"/Information/Collections/Mine-Files/Beaverhead/browse.html#forms"
"summary",4,"/Information/Collections/Mine-Files/Beaverhead/browse.html#summary"
"history",4,"/Information/Collections/Mine-Files/Beaverhead/browse.html#history"
"geology",4,"/Information/Collections/Mine-Files/Beaverhead/browse.html#geology"
"location",3,"/Information/Collections/Mine-Files/Beaverhead/browse.html#location"
"newsclippings",3,"/Information/Collections/Mine-Files/Beaverhead/browse.html#newsclippings"
"location information",2,"/Information/Collections/Mine-Files/Beaverhead/browse.html#location%20information"
"carrie leonard",2,"/Information/Collections/Mine-Files/Beaverhead/browse.html#carrie%20leonard"
"commodities",2,"/Information/Collections/Mine-Files/Beaverhead/browse.html#commodities"
"jackson",2,"/Information/Collections/Mine-Files/Beaverhead/browse.html#jackson"
"topographic map",1,"/Information/Collections/Mine-Files/Beaverhead/browse.html#topographic%20map"
"ajax gold inc",1,"/Information/Collections/Mine-Files/Beaverhead/browse.html#ajax%20gold%20inc"
"elkhorn resources",1,"/Information/Collections/Mine-Files/Beaverhead/browse.html#elkhorn%20resources"
"jenkins family",1,"/Information/Collections/Mine-Files/Beaverhead/browse.html#jenkins%20family"
"maps",1,"/Information/Collections/Mine-Files/Beaverhead/browse.html#maps"
"montana standard",1,"/Information/Collections/Mine-Files/Beaverhead/browse.html#montana%20standard"
"jahnke",1,"/Information/Collections/Mine-Files/Beaverhead/browse.html#jahnke"
"montana standatd",1,"/Information/Collections/Mine-Files/Beaverhead/browse.html#montana%20standatd"
"milling equipment",1,"/Information/Collections/Mine-Files/Beaverhead/browse.html#milling%20equipment"
"cyprus minerals company",1,"/Information/Collections/Mine-Files/Beaverhead/browse.html#cyprus%20minerals%20company"
"talc",1,"/Information/Collections/Mine-Files/Beaverhead/browse.html#talc"
"phelps dodge corp",1,"/Information/Collections/Mine-Files/Beaverhead/browse.html#phelps%20dodge%20corp"
"survey",1,"/Information/Collections/Mine-Files/Beaverhead/browse.html#survey"
"book",1,"/Information/Collections/Mine-Files/Beaverhead/browse.html#book"
"minerals",1,"/Information/Collections/Mine-Files/Beaverhead/browse.html#minerals"
"road construction",1,"/Information/Collections/Mine-Files/Beaverhead/browse.html#road%20construction"
"mine workings",1,"/Information/Collections/Mine-Files/Beaverhead/browse.html#mine%20workings"
"mine visit",1,"/Information/Collections/Mine-Files/Beaverhead/browse.html#mine%20visit"
"dark horse",1,"/Information/Collections/Mine-Files/Beaverhead/browse.html#dark%20horse"
"description",1,"/Information/Collections/Mine-Files/Beaverhead/browse.html#description"
"ajax group",1,"/Information/Collections/Mine-Files/Beaverhead/browse.html#ajax%20group"
"accessibility",1,"/Information/Collections/Mine-Files/Beaverhead/browse.html#accessibility"
"development",1,"/Information/Collections/Mine-Files/Beaverhead/browse.html#development"
"samples",1,"/Information/Collections/Mine-Files/Beaverhead/browse.html#samples"
"assays",1,"/Information/Collections/Mine-Files/Beaverhead/browse.html#assays"
"timber",1,"/Information/Collections/Mine-Files/Beaverhead/browse.html#timber"
"water",1,"/Information/Collections/Mine-Files/Beaverhead/browse.html#water"
"west big hole study area",1,"/Information/Collections/Mine-Files/Beaverhead/browse.html#west%20big%20hole%20study%20area"
"mineral resources",1,"/Information/Collections/Mine-Files/Beaverhead/browse.html#mineral%20resources"
"production",1,"/Information/Collections/Mine-Files/Beaverhead/browse.html#production"
"mining history",1,"/Information/Collections/Mine-Files/Beaverhead/browse.html#mining%20history"
"appraisal",1,"/Information/Collections/Mine-Files/Beaverhead/browse.html#appraisal"
"dark horse mine",1,"/Information/Collections/Mine-Files/Beaverhead/browse.html#dark%20horse%20mine"
"hrs claim group",1,"/Information/Collections/Mine-Files/Beaverhead/browse.html#hrs%20claim%20group"
"jahnke mine",1,"/Information/Collections/Mine-Files/Beaverhead/browse.html#jahnke%20mine"
"northern prospect",1,"/Information/Collections/Mine-Files/Beaverhead/browse.html#northern%20prospect"
"oro cache mine",1,"/Information/Collections/Mine-Files/Beaverhead/browse.html#oro%20cache%20mine"
"silver ridge group",1,"/Information/Collections/Mine-Files/Beaverhead/browse.html#silver%20ridge%20group"
"publications",1,"/Information/Collections/Mine-Files/Beaverhead/browse.html#publications"
